DROP TABLE IF EXISTS public.CIDADE;

CREATE TABLE public.CIDADE (
  ID SERIAL PRIMARY KEY,
  DESCRICAO varchar(255)
);

INSERT INTO public.CIDADE (ID,DESCRICAO) VALUES (1,'CRICIUMA'),(2,'ORLEANS'),(3,'TUBARÃO'),(4,'NOVA VENEZA'),(5,'FORQUILHINHA'),(6,'URUSSANGA'),(7,'SIDERÓPOLIS'),(8,'COCAL DO SUL'),(9,'IÇARA'),(10,'RINCÃO');

DROP TABLE IF EXISTS public.CLIENTE;

CREATE TABLE public.CLIENTE (
  ID SERIAL PRIMARY KEY,
  NOME varchar(255) default NULL,
  CIDADE integer NULL,
  EMAIL varchar(255) default NULL
);

INSERT INTO public.CLIENTE (ID,NOME,CIDADE,EMAIL) VALUES (1,'Jack',7,'orci.lacus@velit.org'),(2,'Idona',3,'In.condimentum.Donec@tempus.com'),(3,'Myra',4,'ligula@sedfacilisis.co.uk'),(4,'Gretchen',10,'neque.Nullam@magnaNam.org'),(5,'Melyssa',10,'nibh.Aliquam@parturientmontesnascetur.co.uk'),(6,'Hu',8,'mattis@mifelisadipiscing.ca'),(7,'Debra',2,'semper.egestas.urna@non.net'),(8,'Leo',9,'ut.erat.Sed@vulputatevelit.ca'),(9,'Hilel',7,'Nulla.semper.tellus@et.net'),(10,'Linus',7,'erat.in@Nullasemper.net');

DROP TABLE IF EXISTS public.PRODUTO;

CREATE TABLE public.PRODUTO (
  id SERIAL PRIMARY KEY,
  DESCRICAO varchar(255) default NULL,
  GRUPO integer NULL,
  SUB_GRUPO integer NULL,
  STATUS integer NULL,
  estoque numeric(14,2) NULL
);

INSERT INTO public.PRODUTO (id,DESCRICAO,GRUPO,SUB_GRUPO,STATUS,ESTOQUE) VALUES (1,'Asher Vinson',3,7,0,7);
INSERT INTO public.PRODUTO (id,DESCRICAO,GRUPO,SUB_GRUPO,STATUS,ESTOQUE) VALUES (2,'Noble Mcclain',1,2,1,42);
INSERT INTO public.PRODUTO (id,DESCRICAO,GRUPO,SUB_GRUPO,STATUS,ESTOQUE) VALUES (3,'Nicholas Becker',5,1,1,77);
INSERT INTO public.PRODUTO (id,DESCRICAO,GRUPO,SUB_GRUPO,STATUS,ESTOQUE) VALUES (4,'William Puckett',5,5,0,63);
INSERT INTO public.PRODUTO (id,DESCRICAO,GRUPO,SUB_GRUPO,STATUS,ESTOQUE) VALUES (5,'Kasper Stephenson',3,4,0,96);
INSERT INTO public.PRODUTO (id,DESCRICAO,GRUPO,SUB_GRUPO,STATUS,ESTOQUE) VALUES (6,'Mason Dillon',5,9,0,17);
INSERT INTO public.PRODUTO (id,DESCRICAO,GRUPO,SUB_GRUPO,STATUS,ESTOQUE) VALUES (7,'Walker Boyle',5,7,1,66);
INSERT INTO public.PRODUTO (id,DESCRICAO,GRUPO,SUB_GRUPO,STATUS,ESTOQUE) VALUES (8,'Russell Justice',4,5,1,89);
INSERT INTO public.PRODUTO (id,DESCRICAO,GRUPO,SUB_GRUPO,STATUS,ESTOQUE) VALUES (9,'Shad Glass',1,8,0,5);
INSERT INTO public.PRODUTO (id,DESCRICAO,GRUPO,SUB_GRUPO,STATUS,ESTOQUE) VALUES (10,'Keaton Sampson',4,5,0,31);
INSERT INTO public.PRODUTO (id,DESCRICAO,GRUPO,SUB_GRUPO,STATUS,ESTOQUE) VALUES (11,'Nolan Boyle',2,8,0,16);

UPDATE public.PRODUTO
SET DESCRICAO = 'PRODUTO ' || ID;

DROP TABLE IF EXISTS public.GRUPO;

CREATE TABLE public.GRUPO (
  id SERIAL PRIMARY KEY,
  DESCRICAO varchar(255) default NULL
);

INSERT INTO public.GRUPO (id,DESCRICAO) VALUES (1,'GRUPO 1');
INSERT INTO public.GRUPO (id,DESCRICAO) VALUES (2,'GRUPO 2');
INSERT INTO public.GRUPO (id,DESCRICAO) VALUES (3,'GRUPO 3');
INSERT INTO public.GRUPO (id,DESCRICAO) VALUES (4,'GRUPO 4');
INSERT INTO public.GRUPO (id,DESCRICAO) VALUES (5,'GRUPO 5');

DROP TABLE IF EXISTS public.SUB_GRUPO;

CREATE TABLE public.SUB_GRUPO (
  id SERIAL PRIMARY KEY,
  DESCRICAO varchar(255) default NULL
);

INSERT INTO public.SUB_GRUPO (id,DESCRICAO) VALUES (1,'SUB-GRUPO 1');
INSERT INTO public.SUB_GRUPO (id,DESCRICAO) VALUES (2,'SUB-GRUPO 2');
INSERT INTO public.SUB_GRUPO (id,DESCRICAO) VALUES (3,'SUB-GRUPO 3');
INSERT INTO public.SUB_GRUPO (id,DESCRICAO) VALUES (4,'SUB-GRUPO 4');
INSERT INTO public.SUB_GRUPO (id,DESCRICAO) VALUES (5,'SUB-GRUPO 5');
INSERT INTO public.SUB_GRUPO (id,DESCRICAO) VALUES (6,'SUB-GRUPO 6');
INSERT INTO public.SUB_GRUPO (id,DESCRICAO) VALUES (7,'SUB-GRUPO 7');
INSERT INTO public.SUB_GRUPO (id,DESCRICAO) VALUES (8,'SUB-GRUPO 8');
INSERT INTO public.SUB_GRUPO (id,DESCRICAO) VALUES (9,'SUB-GRUPO 9');
INSERT INTO public.SUB_GRUPO (id,DESCRICAO) VALUES (10,'SUB-GRUPO 10');

COMMIT;

ALTER TABLE public.cliente ADD CONSTRAINT FK_CLIENTE_CIDADE FOREIGN KEY (cidade) REFERENCES public.cidade(id);
ALTER TABLE public.produto ADD CONSTRAINT FK_PRODUTO_GRUPO FOREIGN KEY (grupo) REFERENCES public.GRUPO(id);
ALTER TABLE public.produto ADD CONSTRAINT FK_PRODUTO_SUB_GRUPO FOREIGN KEY (sub_grupo) REFERENCES public.SUB_GRUPO(id);
